Shapefile,Max:Min Average
50x50_grid,3.871243992046728
CA_cd_2020_map,4.219826310466426
