Shapefile,Max:Median Average
50x50_grid,2.1566812319983977
CA_cd_2020_map,2.2727194678852247
