Shapefile,File Name,Generation,Max,Min,Median,Ratio Max to Min,Ratio Max to Median
50x50_grid,80191041_50x50_grid_to_50_with_20_sims,16,0.164739149505079,0.0202835020759455,0.0319389469724038,8.121829696285316,5.157939291092425
CA_cd_2020_map,45079254_CA_cd_2020_map_with_20_sims,35,0.33112911860986,0.0228581970650356,0.0341371500761142,14.486230811106374,9.699963760054807
