Shapefile,File Name,Generation,Max,Min,Median,Ratio Max to Min,Ratio Max to Median
50x50_grid,80191041_50x50_grid_to_50_with_20_sims,38,0.149892527849463,0.0140593487657843,0.0368100126591111,10.661413294920937,4.072058579212742
CA_cd_2020_map,45079254_CA_cd_2020_map_with_20_sims,35,0.33112911860986,0.0228581970650356,0.0341371500761142,14.486230811106374,9.699963760054807
